w_elec,w_gas,w_propane,w_kerosene
1267235125943.75,39629220952.88672,3951633232.945313,3380928420.90625
13729670116.31286,1032082299.512431,492229507.7298082,288820936.0103039
